{
  "model": "deimos_daq_rev7",
  "serial_number": 2,
  "channel": "ain8",
  "signal_name": "p1_rtd_1.temperature_K",
  "datestamp_utc": "2026-06-21T125103Z",
  "rtd_reference_current_a": 0.00025,
  "rtd_frontend_gain": 25.7,
  "temperature_error_fit": {
    "coefficients": [
      -1.5807331500152624,
      -0.46411587798143117
    ],
    "r2": 0.879572010552633,
    "x_center": 504.75687694086537,
    "x_scale": 470.885501639705
  },
  "polynomial_order": 1,
  "polynomial_coefficients": [
    -0.003149642162571187,
    0.9995628749504468
  ],
  "r2": 0.9999999955895971,
  "input_units": "V",
  "output_units": "V",
  "accepted_sample_count": 7650,
  "detected_step_count": 37
}