{
  "model": "deimos_daq_rev7",
  "serial_number": 2,
  "channel": "ain10",
  "signal_name": "p1_tc_0_V.y",
  "datestamp_utc": "2026-06-21T125103Z",
  "rtd_reference_current_a": 0.00025,
  "rtd_frontend_gain": 25.7,
  "polynomial_order": 1,
  "polynomial_coefficients": [
    -0.00003901390370998625,
    0.99985605891431
  ],
  "r2": 0.9999998230656603,
  "input_units": "V",
  "output_units": "V",
  "accepted_sample_count": 10830,
  "detected_step_count": 90,
  "calibrator_cold_junction_temperature_k": 298.54999999999995,
  "cold_junction_temperature_offset_k": -1.731894095230416,
  "cold_junction_rtd_voltage_offset_v": -0.00434532141402989,
  "board_cold_junction_offset_k": -1.731894095230416
}