{
  "model": "deimos_daq_rev7",
  "serial_number": 2,
  "channel": "ain11",
  "signal_name": "p1_tc_1_V.y",
  "datestamp_utc": "2026-06-21T125103Z",
  "rtd_reference_current_a": 0.00025,
  "rtd_frontend_gain": 25.7,
  "polynomial_order": 1,
  "polynomial_coefficients": [
    0.00002010846549584805,
    1.000062574843702
  ],
  "r2": 0.9999998057848436,
  "input_units": "V",
  "output_units": "V",
  "accepted_sample_count": 10325,
  "detected_step_count": 89,
  "calibrator_cold_junction_temperature_k": 298.34999999999997,
  "cold_junction_temperature_offset_k": -1.9037591336816604,
  "cold_junction_rtd_voltage_offset_v": -0.00477458477966125,
  "board_cold_junction_offset_k": -1.9037591336816604
}