{
  "model": "deimos_daq_rev7",
  "serial_number": 2,
  "channel": "ain7",
  "signal_name": "p1_rtd_0.temperature_K",
  "datestamp_utc": "2026-06-27T131153Z",
  "rtd_reference_current_a": 0.00025,
  "rtd_frontend_gain": 25.7,
  "temperature_error_fit": {
    "coefficients": [
      -2.0639747861514484,
      -0.5826782767931065
    ],
    "r2": 0.6225784620087722,
    "x_center": 507.3587177586624,
    "x_scale": 469.29752301004766
  },
  "polynomial_order": 1,
  "polynomial_coefficients": [
    -0.00016131643751627484,
    0.999466902174776
  ],
  "r2": 0.9999999939807618,
  "input_units": "V",
  "output_units": "V",
  "accepted_sample_count": 6439,
  "detected_step_count": 46
}