{
  "model": "deimos_daq_rev7",
  "serial_number": 2,
  "channel": "ain7",
  "signal_name": "p1_rtd_0.temperature_K",
  "datestamp_utc": "2026-06-21T125103Z",
  "rtd_reference_current_a": 0.00025,
  "rtd_frontend_gain": 25.7,
  "temperature_error_fit": {
    "coefficients": [
      -2.1523867380323893,
      -0.6250801867330521
    ],
    "r2": 0.8938250488382161,
    "x_center": 514.386124602111,
    "x_scale": 461.935679864113
  },
  "polynomial_order": 1,
  "polynomial_coefficients": [
    -0.004234784442031794,
    0.9993895328664238
  ],
  "r2": 0.9999999935903684,
  "input_units": "V",
  "output_units": "V",
  "accepted_sample_count": 8240,
  "detected_step_count": 37
}