{
  "model": "deimos_daq_rev7",
  "serial_number": 2,
  "channel": "ain9",
  "signal_name": "p1_rtd_2.temperature_K",
  "datestamp_utc": "2026-06-18T005536Z",
  "rtd_reference_current_a": 0.00025,
  "rtd_frontend_gain": 25.7,
  "temperature_error_fit": {
    "coefficients": [
      -0.3485727840908648,
      -0.23983686636551038
    ],
    "r2": 0.7048824027266997,
    "x_center": 548.5898136600031,
    "x_scale": 425.55041116173925
  },
  "polynomial_order": 1,
  "polynomial_coefficients": [
    -0.00019759090661227707,
    0.9995461671181289
  ],
  "r2": 0.9999999991111399,
  "input_units": "V",
  "output_units": "V",
  "accepted_sample_count": 10960,
  "detected_step_count": 35
}